query_number,results,status,time
0,0,OK,45
1,0,OK,15
2,,TIMEOUT(Exception),62063
3,0,OK,20
4,0,OK,843
5,0,OK,214
6,0,OK,452
7,0,OK,7
8,0,OK,2106
9,0,OK,197
10,0,OK,41
11,0,OK,2210
12,0,OK,27
13,0,OK,22
14,0,OK,60
15,0,OK,48
16,0,OK,423
17,0,OK,55
18,0,OK,334
19,0,OK,108
20,,TIMEOUT(Exception),62063
21,0,OK,7009
22,0,OK,198
23,0,OK,295
24,0,OK,671
25,0,OK,92
26,0,OK,7
27,0,OK,306
28,0,OK,36
29,,TIMEOUT(Exception),62063
30,0,OK,28
31,0,OK,78
2054,0,OK,4760
2055,0,OK,342
2056,0,OK,30
2057,0,OK,159
2058,,TIMEOUT(Exception),62184
2059,0,OK,746
2060,0,OK,864
2061,0,OK,396
2062,0,OK,290
2063,0,OK,1937
2064,0,OK,33
2065,0,OK,25
2066,0,OK,8
2067,0,OK,263
2068,0,OK,56
2069,0,OK,7
2070,0,OK,42671
2071,,TIMEOUT(Exception),62063
2072,0,OK,107
2073,0,OK,95
2074,0,OK,28
2075,0,OK,611
2076,0,OK,527
2077,0,OK,49
2078,0,OK,7
2079,0,OK,28
2080,0,OK,77
2081,0,OK,1090
2082,0,OK,710
2083,0,OK,36
2084,0,OK,817
2085,0,OK,146
2086,0,OK,324
2087,0,OK,589
2088,0,OK,185
2089,0,OK,554
2090,0,OK,778
2091,0,OK,177
2092,0,OK,164
2093,0,OK,928
2094,0,OK,115
2095,0,OK,311
2096,,TIMEOUT(Exception),62063
2097,0,OK,490
2098,0,OK,180
2099,0,OK,414
2100,0,OK,1085
2101,0,OK,33
2102,0,OK,7
2103,0,OK,333
2104,0,OK,277
2105,0,OK,10
2106,0,OK,1142
2107,0,OK,390
2108,0,OK,899
2109,0,OK,234
2110,,TIMEOUT(Exception),62063
2111,0,OK,11
2112,,TIMEOUT(Exception),62063
2113,0,OK,47
2114,0,OK,39
2115,0,OK,38
2116,0,OK,238
2117,0,OK,118
2118,0,OK,1292
2119,0,OK,197
4036,0,OK,47
4037,0,OK,313
4038,0,OK,78
4039,0,OK,643
4040,,TIMEOUT(Exception),62063
4041,0,OK,29
4042,0,OK,85
4043,0,OK,596
4044,,TIMEOUT(Exception),62063
4045,0,OK,488
4046,0,OK,2311
4047,0,OK,795
4048,0,OK,1529
4049,0,OK,115
4050,0,OK,420
4051,0,OK,6
4052,0,OK,272
4053,0,OK,452
4054,0,OK,6
4055,0,OK,179
4056,0,OK,113
4057,0,OK,7
4058,,TIMEOUT(Exception),62063
4059,0,OK,105
4060,0,OK,2154
4061,0,OK,118
4062,0,OK,443
4063,0,OK,27
4064,0,OK,86
4065,0,OK,175
4066,0,OK,113
4067,0,OK,2804
4068,0,OK,7
4069,0,OK,45
4070,0,OK,211
4071,0,OK,6
4072,0,OK,44
4073,0,OK,25
4074,0,OK,151
4075,0,OK,170
4076,0,OK,98
4077,0,OK,281
4078,0,OK,7
4079,0,OK,517
4080,0,OK,350
4081,0,OK,1179
4082,0,OK,179
4083,0,OK,7
4084,0,OK,51
4085,0,OK,4785
4086,0,OK,908
4087,0,OK,139
4088,0,OK,7
4089,0,OK,65
4090,0,OK,580
4091,0,OK,186
4092,0,OK,2139
4093,0,OK,518
4094,0,OK,116
4095,0,OK,421
4096,,TIMEOUT(Exception),62063
4097,,TIMEOUT(Exception),62063
4098,0,OK,277
4099,0,OK,764
4100,0,OK,44
4101,0,OK,60
4102,0,OK,218
4103,0,OK,19
4104,0,OK,1409
4105,0,OK,676
4106,0,OK,8
4107,0,OK,7
4108,0,OK,6
4109,0,OK,6
4110,0,OK,225
4111,0,OK,32
4112,0,OK,1874
4113,0,OK,217
4114,0,OK,20
4115,0,OK,646
4116,0,OK,36
4117,0,OK,205
4118,0,OK,103
4119,0,OK,9
4120,0,OK,20
4121,0,OK,36
4122,0,OK,267
4123,,TIMEOUT(Exception),62063
4124,0,OK,2581
4125,0,OK,5364
4126,0,OK,60
4127,0,OK,247
4128,0,OK,389
6054,0,OK,13
6055,0,OK,865
6056,0,OK,284
6057,0,OK,115
6058,0,OK,6
6059,,TIMEOUT(Exception),62063
6060,0,OK,570
6061,0,OK,572
6062,0,OK,17
6063,0,OK,295
6064,0,OK,30
6065,,TIMEOUT(Exception),62063
6066,0,OK,645
6067,0,OK,7
6068,0,OK,770
6069,0,OK,40048
6070,,TIMEOUT(Exception),62063
6071,0,OK,1182
6072,0,OK,8539
6073,0,OK,16
6074,0,OK,18
6075,0,OK,68
6076,0,OK,10
6077,0,OK,332
6078,0,OK,6
6079,0,OK,31
6080,0,OK,281
6081,,TIMEOUT(Exception),62063
6082,0,OK,121
6083,0,OK,208
6084,0,OK,24
6085,0,OK,8
6086,0,OK,101
6087,0,OK,1299
6088,0,OK,769
6089,,TIMEOUT(Exception),62017
6090,0,OK,163
6091,0,OK,690
6092,0,OK,205
6093,0,OK,256
6094,0,OK,7
6095,0,OK,341
6096,0,OK,129
6097,,TIMEOUT(Exception),62159
6098,0,OK,473
6099,0,OK,12
6100,0,OK,7
6101,0,OK,183
6102,0,OK,2612
6103,0,OK,13
6104,0,OK,122
6105,0,OK,62
6106,0,OK,314
6107,0,OK,28925
6108,0,OK,120
6109,0,OK,502
8091,0,OK,167
8092,0,OK,1282
8093,0,OK,236
8094,0,OK,7
8095,0,OK,273
8096,0,OK,140
8097,0,OK,2856
8098,,TIMEOUT(Exception),62063
8099,0,OK,119
8100,0,OK,114
8101,0,OK,8
8102,0,OK,1380
8103,0,OK,92
8104,0,OK,843
8105,0,OK,322
8106,0,OK,330
8107,0,OK,698
8108,0,OK,45
8109,0,OK,6
8110,0,OK,1488
8111,0,OK,23
8112,0,OK,372
8113,0,OK,1579
8114,0,OK,569
8115,0,OK,7
8116,0,OK,565
8117,0,OK,9
8118,0,OK,12
8119,,TIMEOUT(Exception),62063
8120,0,OK,108
8121,0,OK,45
8122,0,OK,7
8123,0,OK,214
8124,0,OK,9
8125,0,OK,1588
8126,0,OK,19
8127,0,OK,25
8128,0,OK,10
8129,0,OK,88
8130,,TIMEOUT(Exception),62063
8131,0,OK,572
8132,0,OK,2747
8133,0,OK,337
8134,0,OK,9
8135,,TIMEOUT(Exception),62063
8136,0,OK,377
8137,0,OK,1653
10027,0,OK,1195
10028,0,OK,118
10029,0,OK,99
10030,0,OK,6594
10031,,TIMEOUT(Exception),62215
10032,0,OK,987
10033,0,OK,612
10034,0,OK,1832
10035,0,OK,28
10036,0,OK,349
10037,0,OK,6
10038,0,OK,6
10039,0,OK,233
10040,,TIMEOUT(Exception),62063
10041,0,OK,52
10042,0,OK,24
10043,0,OK,1040
10044,0,OK,318
10045,0,OK,622
10046,0,OK,36
10047,0,OK,214
10048,0,OK,8
10049,0,OK,44
10050,,TIMEOUT(Exception),62063
10051,0,OK,299
10052,0,OK,540
10053,0,OK,6
10054,,TIMEOUT(Exception),62063
10055,,TIMEOUT(Exception),62063
10056,0,OK,2368
10057,0,OK,17
10058,0,OK,54
10059,0,OK,9
10060,0,OK,7
10061,0,OK,1000
10062,0,OK,30
10063,0,OK,87
10064,0,OK,130
10065,0,OK,286
10066,0,OK,66
10067,0,OK,306
10068,0,OK,9
10069,0,OK,50
10070,0,OK,494
10071,0,OK,1744
11962,0,OK,2737
11963,0,OK,7
11964,0,OK,23
11965,0,OK,6
11966,0,OK,10
11967,,TIMEOUT(Exception),62063
11968,0,OK,505
11969,0,OK,209
11970,0,OK,4209
11971,0,OK,10
11972,0,OK,197
11973,0,OK,8
11974,0,OK,176
11975,0,OK,112
11976,0,OK,7
11977,0,OK,162
11978,0,OK,1139
11979,0,OK,28112
11980,0,OK,44
11981,0,OK,713
11982,0,OK,25
11983,0,OK,194
11984,0,OK,6
11985,0,OK,59
11986,0,OK,81
11987,0,OK,60
11988,0,OK,6
11989,0,OK,433
11990,0,OK,184
11991,0,OK,844
11992,,TIMEOUT(Exception),62034
11993,0,OK,412
11994,0,OK,819
11995,0,OK,115
11996,0,OK,4206
11997,0,OK,594
11998,0,OK,322
11999,0,OK,27
12000,0,OK,146
12001,0,OK,57
12002,0,OK,24
12003,0,OK,216
12004,0,OK,1667
12005,0,OK,7
12006,0,OK,806
12007,,TIMEOUT(Exception),62063
12008,,TIMEOUT(Exception),62063
12009,0,OK,12
12010,0,OK,8
12011,0,OK,903
12012,0,OK,78
12013,0,OK,2920
12014,0,OK,131
12015,0,OK,859
12016,0,OK,14
12017,0,OK,259
12018,0,OK,24
12019,0,OK,1299
12020,0,OK,285
12021,,TIMEOUT(Exception),62063
12022,0,OK,309
12023,0,OK,493
12024,0,OK,9
12025,0,OK,844
12026,0,OK,726
12027,0,OK,550
12028,0,OK,198
12029,0,OK,745
12030,0,OK,1858
12031,0,OK,962
12032,0,OK,1956
12033,0,OK,10
12034,0,OK,34
12035,0,OK,10
12036,0,OK,190
12037,0,OK,9
